source_type,source_id,target_type,target_id,relation,note,commit_id
checkpoint,ENV-01,wp,WP-01,part-of,环境配置检查项属于WP-01阶段1真实运行验证,
checkpoint,ENV-07,code,src/analysis_launcher.py::launch_one,implements,analysis_launcher的launch_one函数启动devin cli,
checkpoint,ENV-07,code,src/audit_launcher.py::launch_one,implements,audit_launcher的launch_one函数启动devin cli,
checkpoint,ENV-07,code,src/config.py,depends-on,DEVIN_MODEL=glm-5.2-high定义在config.py,
checkpoint,ENV-07,code,src/continuation_config.py,depends-on,DEVIN_MODEL=glm-5-2定义在continuation_config.py（违规！缺少.high）,
checkpoint,ENV-07,code,src/continuation_launcher.py::generate_handover,implements,continuation_launcher的generate_handover函数启动devin cli生成HANDOVER,
checkpoint,ENV-07,code,src/continuation_launcher.py::launch_solve,implements,continuation_launcher的launch_solve函数启动devin cli,
checkpoint,ENV-07,code,src/continuation_launcher.py::start_handover,implements,continuation_launcher的start_handover函数启动devin cli生成HANDOVER,
checkpoint,ENV-07,code,src/selection_launcher.py::launch_one,implements,selection_launcher的launch_one函数启动devin cli,
checkpoint,ENV-07,code,src/solver_launcher.py::launch_one,implements,solver_launcher的launch_one函数启动devin cli,
checkpoint,ENV-07,document,checklist/ENV-07.md,specified-by,启动devin cli必须指定glm-5.2-high,
checkpoint,MON-A1,code,monitoring/analysis_control.py,implements,A类检查项1由analysis_control实现,
checkpoint,MON-A1,code,monitoring/analysis_control.py::check_status,implements,A类检查项1的状态检查由check_status实现,
checkpoint,MON-A1,code,monitoring/analysis_control.py::run_analysis,implements,A类检查项1由run_analysis函数实现,
checkpoint,MON-A1,document,docs/specs/p27_monitor_spec.md,specified-by,A类检查项由p27_monitor_spec规范定义,
checkpoint,MON-A1,document,docs/specs/p27_monitor_spec.md#A类检查项,specified-by,A类检查项由p27规范的A类检查项章节定义,
checkpoint,MON-A1,wp,WP-09,part-of,Monitor Pipe A类检查项1属于WP-09,
checkpoint,MON-A2,wp,WP-09,part-of,Monitor Pipe A类检查项2属于WP-09,
checkpoint,RUN-01,script,scripts/monitor_check.sh,implements,运行检查由monitor_check.sh实现,
checkpoint,RUN-01,wp,WP-09,part-of,运行检查项1属于WP-09,
code,monitoring/analysis_control.py,code,monitoring/analysis_control.py::check_status,contains,,
code,monitoring/analysis_control.py,code,monitoring/analysis_control.py::run_analysis,contains,,
code,monitoring/analysis_control.py::run_analysis,commit,a4f3a61,changed-in,run_analysis函数路径常量更新,a4f3a61
code,monitoring/continuation_control.py,commit,a4f3a61,changed-in,路径常量更新,
code,src/analysis_launcher.py,code,src/analysis_launcher.py::launch_one,contains,,
code,src/audit_launcher.py,code,src/audit_launcher.py::launch_one,contains,,
code,src/config.py,commit,a4f3a61,changed-in,PROJECT_ROOT从子系统改为根目录,
code,src/continuation_launcher.py,code,src/continuation_launcher.py::generate_handover,contains,,
code,src/continuation_launcher.py,code,src/continuation_launcher.py::launch_solve,contains,,
code,src/continuation_launcher.py,code,src/continuation_launcher.py::start_handover,contains,,
code,src/selection_launcher.py,code,src/selection_launcher.py::launch_one,contains,,
code,src/solver_launcher.py,code,src/solver_launcher.py::launch_one,contains,,
dev-doc,dev-docs/001-目录结构扁平化重组方案.md,code,src/__init__.py,changes,PROJECT_ROOT常量更新,a4f3a61
dev-doc,dev-docs/001-目录结构扁平化重组方案.md,code,src/config.py,changes,硬编码路径从子系统改为根目录,a4f3a61
dev-doc,dev-docs/001-目录结构扁平化重组方案.md,document,README.md,produces,创建引导地图,a4f3a61
dev-doc,dev-docs/001-目录结构扁平化重组方案.md,script,scripts/monitor_check.sh,changes,路径常量更新,a4f3a61
dev-doc,dev-docs/002-checklist-working-packages拆分.md,document,checklist/README.md,produces,需求分类法看法文件,f1ca691
dev-doc,dev-docs/002-checklist-working-packages拆分.md,document,working-packages/README.md,produces,工作流分类法看法文件,f1ca691
dev-doc,dev-docs/002-checklist-working-packages拆分.md,script,scripts/generate_checkpoint.py,produces,生成单个checkpoint模板,f1ca691
dev-doc,dev-docs/002-checklist-working-packages拆分.md,script,scripts/generate_checkpoints.py,changes,删除旧批量生成脚本,f1ca691
dev-doc,dev-docs/003-README三层架构与分类法设计.md,document,README.md,changes,规划重构为分类法索引（尚未执行）,00a08d3
dev-doc,dev-docs/004-幂等追溯体系与工作包自包含设计.md,document,dev-docs/004-幂等追溯体系与工作包自包含设计.md,produces,定义幂等追溯体系与工作包自包含设计,
dev-doc,dev-docs/005-Master-Agent接管Monitor-Pipe检查工作.md,document,dev-docs/005-Master-Agent接管Monitor-Pipe检查工作.md,produces,Master Agent接管Monitor Pipe检查工作的需求记录和分析,
dev-doc,dev-docs/006-Master-Agent接管Monitor-Pipe检查工作方案.md,dev-doc,dev-docs/005-Master-Agent接管Monitor-Pipe检查工作.md,comes-from,方案来自需求记录,
dev-doc,dev-docs/006-Master-Agent接管Monitor-Pipe检查工作方案.md,document,dev-docs/006-Master-Agent接管Monitor-Pipe检查工作方案.md,produces,Master Agent接管Monitor Pipe检查工作的方案设计,
dev-doc,dev-docs/007-checkpoint幂等关系全量维护预案.md,document,dev-docs/007-checkpoint幂等关系全量维护预案.md,produces,checkpoint幂等关系全量维护的分析和工作包拆解,
document,README.md,commit,82ac6a8,changed-in,补充dev-docs引导条目,
document,checklist/README.md,commit,f1ca691,changed-in,从CheckList.md精简为索引,
document,docs/specs/p27_monitor_spec.md,checkpoint,MON-A1,verifies,p27规范验证A类检查项1,
document,docs/specs/p27_monitor_spec.md,document,docs/specs/p27_monitor_spec.md#A类检查项,contains,,
wp,WP-09,dev-doc,dev-docs/002-checklist-working-packages拆分.md,comes-from,WP-09的checklist索引在002方案中建立,
